sample_id,company,stock_code,exchange,year,report_title,source,source_url,local_raw_path,report_date,data_type,notes
中兴通讯_2021,中兴通讯,000063,SZSE,2021,中兴通讯股份有限公司2021年年度报告,CNINFO,,data/raw/cninfo/000063_ZTE/ZTE_000063_2021_annual_report.pdf,,real_raw,待补公告日期
中兴通讯_2022,中兴通讯,000063,SZSE,2022,中兴通讯股份有限公司2022年年度报告,CNINFO,,data/raw/cninfo/000063_ZTE/ZTE_000063_2022_annual_report.pdf,2023-03-10,real_raw,
中兴通讯_2023,中兴通讯,000063,SZSE,2023,中兴通讯股份有限公司2023年年度报告,CNINFO,,data/raw/cninfo/000063_ZTE/ZTE_000063_2023_annual_report.pdf,2024-03-08,real_raw,
中兴通讯_2024,中兴通讯,000063,SZSE,2024,中兴通讯股份有限公司2024年年度报告,CNINFO,,data/raw/cninfo/000063_ZTE/ZTE_000063_2024_annual_report.pdf,2025-02-28,real_raw,
中兴通讯_2025,中兴通讯,000063,SZSE,2025,中兴通讯股份有限公司2025年年度报告,CNINFO,,data/raw/cninfo/000063_ZTE/ZTE_000063_2025_annual_report.pdf,2026-03-06,real_raw,
格力电器_2021,格力电器,000651,SZSE,2021,珠海格力电器股份有限公司2021年年度报告,CNINFO,,data/raw/cninfo/000651_GREE/GREE_000651_2021_annual_report.pdf,2022-04-29,real_raw,
格力电器_2022,格力电器,000651,SZSE,2022,珠海格力电器股份有限公司2022年年度报告,CNINFO,,data/raw/cninfo/000651_GREE/GREE_000651_2022_annual_report.pdf,2023-04,real_raw,
格力电器_2023,格力电器,000651,SZSE,2023,珠海格力电器股份有限公司2023年年度报告,CNINFO,,data/raw/cninfo/000651_GREE/GREE_000651_2023_annual_report.pdf,2024-04,real_raw,
格力电器_2024,格力电器,000651,SZSE,2024,珠海格力电器股份有限公司2024年年度报告,CNINFO,,data/raw/cninfo/000651_GREE/GREE_000651_2024_annual_report.pdf,2025-04,real_raw,
格力电器_2025,格力电器,000651,SZSE,2025,珠海格力电器股份有限公司2025年年度报告,CNINFO,,data/raw/cninfo/000651_GREE/GREE_000651_2025_annual_report.pdf,2026-04,real_raw,
比亚迪_2021,比亚迪,002594,SZSE,2021,比亚迪股份有限公司2021年年度报告,CNINFO,,data/raw/cninfo/002594_BYD/BYD_002594_2021_annual_report.pdf,2022-03,real_raw,
比亚迪_2022,比亚迪,002594,SZSE,2022,比亚迪股份有限公司2022年年度报告,CNINFO,,data/raw/cninfo/002594_BYD/BYD_002594_2022_annual_report.pdf,2023-03,real_raw,
比亚迪_2023,比亚迪,002594,SZSE,2023,比亚迪股份有限公司2023年年度报告,CNINFO,,data/raw/cninfo/002594_BYD/BYD_002594_2023_annual_report.pdf,2024-03,real_raw,
比亚迪_2024,比亚迪,002594,SZSE,2024,比亚迪股份有限公司2024年年度报告,CNINFO,,data/raw/cninfo/002594_BYD/BYD_002594_2024_annual_report.pdf,2025-03,real_raw,
比亚迪_2025,比亚迪,002594,SZSE,2025,比亚迪股份有限公司2025年年度报告,CNINFO,,data/raw/cninfo/002594_BYD/BYD_002594_2025_annual_report.pdf,2026-03,real_raw,
宁德时代_2021,宁德时代,300750,SZSE,2021,宁德时代新能源科技股份有限公司2021年年度报告,CNINFO,,data/raw/cninfo/300750_CATL/CATL_300750_2021_annual_report.pdf,2022-04,real_raw,
宁德时代_2022,宁德时代,300750,SZSE,2022,宁德时代新能源科技股份有限公司2022年年度报告,CNINFO,,data/raw/cninfo/300750_CATL/CATL_300750_2022_annual_report.pdf,2023-03,real_raw,
宁德时代_2023,宁德时代,300750,SZSE,2023,宁德时代新能源科技股份有限公司2023年年度报告,CNINFO,,data/raw/cninfo/300750_CATL/CATL_300750_2023_annual_report.pdf,2024-03,real_raw,
宁德时代_2024,宁德时代,300750,SZSE,2024,宁德时代新能源科技股份有限公司2024年年度报告,CNINFO,,data/raw/cninfo/300750_CATL/CATL_300750_2024_annual_report.pdf,2025-03,real_raw,
宁德时代_2025,宁德时代,300750,SZSE,2025,宁德时代新能源科技股份有限公司2025年年度报告,CNINFO,,data/raw/cninfo/300750_CATL/CATL_300750_2025_annual_report.pdf,2026-03,real_raw,
三一重工_2021,三一重工,600031,SSE,2021,三一重工股份有限公司2021年年度报告,CNINFO,,data/raw/cninfo/600031_SANY/SANY_600031_2021_annual_report.pdf,,real_raw,待补公告日期
三一重工_2022,三一重工,600031,SSE,2022,三一重工股份有限公司2022年年度报告,CNINFO,,data/raw/cninfo/600031_SANY/SANY_600031_2022_annual_report.pdf,,real_raw,待补公告日期
三一重工_2023,三一重工,600031,SSE,2023,三一重工股份有限公司2023年年度报告,CNINFO,,data/raw/cninfo/600031_SANY/SANY_600031_2023_annual_report.pdf,,real_raw,待补公告日期
三一重工_2024,三一重工,600031,SSE,2024,三一重工股份有限公司2024年年度报告,CNINFO,,data/raw/cninfo/600031_SANY/SANY_600031_2024_annual_report.pdf,,real_raw,待补公告日期
三一重工_2025,三一重工,600031,SSE,2025,三一重工股份有限公司2025年年度报告,CNINFO,,data/raw/cninfo/600031_SANY/SANY_600031_2025_annual_report.pdf,,real_raw,待补公告日期
恒瑞医药_2021,恒瑞医药,600276,SSE,2021,江苏恒瑞医药股份有限公司2021年年度报告,CNINFO,,data/raw/cninfo/600276_HENGRUI/HENGRUI_600276_2021_annual_report.pdf,,real_raw,待补公告日期
恒瑞医药_2022,恒瑞医药,600276,SSE,2022,江苏恒瑞医药股份有限公司2022年年度报告,CNINFO,,data/raw/cninfo/600276_HENGRUI/HENGRUI_600276_2022_annual_report.pdf,,real_raw,待补公告日期
恒瑞医药_2023,恒瑞医药,600276,SSE,2023,江苏恒瑞医药股份有限公司2023年年度报告,CNINFO,,data/raw/cninfo/600276_HENGRUI/HENGRUI_600276_2023_annual_report.pdf,,real_raw,待补公告日期
恒瑞医药_2024,恒瑞医药,600276,SSE,2024,江苏恒瑞医药股份有限公司2024年年度报告,CNINFO,,data/raw/cninfo/600276_HENGRUI/HENGRUI_600276_2024_annual_report.pdf,,real_raw,待补公告日期
恒瑞医药_2025,恒瑞医药,600276,SSE,2025,江苏恒瑞医药股份有限公司2025年年度报告,CNINFO,,data/raw/cninfo/600276_HENGRUI/HENGRUI_600276_2025_annual_report.pdf,,real_raw,待补公告日期
万华化学_2021,万华化学,600309,SSE,2021,万华化学集团股份有限公司2021年年度报告,CNINFO,,data/raw/cninfo/600309_WANHUA/WANHUA_600309_2021_annual_report.pdf,,real_raw,待补公告日期
万华化学_2022,万华化学,600309,SSE,2022,万华化学集团股份有限公司2022年年度报告,CNINFO,,data/raw/cninfo/600309_WANHUA/WANHUA_600309_2022_annual_report.pdf,,real_raw,待补公告日期
万华化学_2023,万华化学,600309,SSE,2023,万华化学集团股份有限公司2023年年度报告,CNINFO,,data/raw/cninfo/600309_WANHUA/WANHUA_600309_2023_annual_report.pdf,,real_raw,待补公告日期
万华化学_2024,万华化学,600309,SSE,2024,万华化学集团股份有限公司2024年年度报告,CNINFO,,data/raw/cninfo/600309_WANHUA/WANHUA_600309_2024_annual_report.pdf,,real_raw,待补公告日期
万华化学_2025,万华化学,600309,SSE,2025,万华化学集团股份有限公司2025年年度报告,CNINFO,,data/raw/cninfo/600309_WANHUA/WANHUA_600309_2025_annual_report.pdf,,real_raw,待补公告日期
隆基绿能_2021,隆基绿能,601012,SSE,2021,隆基绿能科技股份有限公司2021年年度报告,CNINFO,,data/raw/cninfo/601012_LONGI/LONGI_601012_2021_annual_report.pdf,,real_raw,待补公告日期
隆基绿能_2022,隆基绿能,601012,SSE,2022,隆基绿能科技股份有限公司2022年年度报告,CNINFO,,data/raw/cninfo/601012_LONGI/LONGI_601012_2022_annual_report.pdf,,real_raw,待补公告日期
隆基绿能_2023,隆基绿能,601012,SSE,2023,隆基绿能科技股份有限公司2023年年度报告,CNINFO,,data/raw/cninfo/601012_LONGI/LONGI_601012_2023_annual_report.pdf,,real_raw,待补公告日期
隆基绿能_2024,隆基绿能,601012,SSE,2024,隆基绿能科技股份有限公司2024年年度报告（修订版）,CNINFO,,data/raw/cninfo/601012_LONGI/LONGI_601012_2024_annual_report_revised.pdf,,real_raw,使用修订版；待补公告日期
隆基绿能_2025,隆基绿能,601012,SSE,2025,隆基绿能科技股份有限公司2025年年度报告,CNINFO,,data/raw/cninfo/601012_LONGI/LONGI_601012_2025_annual_report.pdf,,real_raw,待补公告日期
